AadharNumber,Name,Address
123456789012,John Doe,123 Main Street
534567890123,Jane Smith,456 Elm Street
345678901234,Michael Johnson,789 Oak Street
456789012345,Emily Brown,101 Pine Street
567890123456,David Wilson,202 Maple Avenue
678901234567,Sarah Taylor,303 Cedar Lane
289012345678,Robert Martinez,404 Birch Drive
390123456789,Jennifer Anderson,505 Willow Road
901234567890,William Thomas,606 Cherry Court
991234567890,Jessica Garcia,707 Apple Way
112233445566,Daniel Lopez,808 Peach Lane
223344556677,Lisa Hernandez,909 Orange Drive
334455667788,James Gonzalez,1010 Lemon Street
445566778899,Megan Wilson,1111 Lime Avenue
406677889900,Christopher Taylor,1212 Banana Road
667788990011,Amanda Brown,1313 Grape Lane
778899001122,Matthew Martinez,1414 Pineapple Drive
889900112233,Lauren Johnson,1515 Papaya Court
990011202344,Andrew Smith,1616 Mango Way