Name,Address,AadharNumber
John Doe,123 Main Street,123456789012
Jane Smith,456 Elm Street,534567890123
Michael Johnson,789 Oak Street,345678901234
Emily Brown,101 Pine Street,456789012345
David Wilson,202 Maple Avenue,567890123456
Sarah Taylor,303 Cedar Lane,678901234567
Robert Martinez,404 Birch Drive,289012345678
Jennifer Anderson,505 Willow Road,390123456789
William Thomas,606 Cherry Court,901234567890
Jessica Garcia,707 Apple Way,991234567890
Daniel Lopez,808 Peach Lane,112233445566
Lisa Hernandez,909 Orange Drive,223344556677
James Gonzalez,1010 Lemon Street,334455667788
Megan Wilson,1111 Lime Avenue,445566778899
Christopher Taylor,1212 Banana Road,406677889900
Amanda Brown,1313 Grape Lane,667788990011
Matthew Martinez,1414 Pineapple Drive,778899001122
Lauren Johnson,1515 Papaya Court,889900112233
Andrew Smith,1616 Mango Way,990011202344
